{
  "RS_AddToCart_105_AddToBasket" : {
    "transaction" : "RS_AddToCart_105_AddToBasket",
    "sampleCount" : 84,
    "errorCount" : 0,
    "errorPct" : 0.0,
    "meanResTime" : 2387.8690476190473,
    "medianResTime" : 2295.5,
    "minResTime" : 1136.0,
    "maxResTime" : 5603.0,
    "pct1ResTime" : 3316.5,
    "pct2ResTime" : 3387.75,
    "pct3ResTime" : 5603.0,
    "throughput" : 0.14526136670194442,
    "receivedKBytesPerSec" : 0.09285878801005762,
    "sentKBytesPerSec" : 0.27153756454619654
  },
  "https://ie.rs-online.com/web/p/battery-chargers/0549322" : {
    "transaction" : "https://ie.rs-online.com/web/p/battery-chargers/0549322",
    "sampleCount" : 1,
    "errorCount" : 0,
    "errorPct" : 0.0,
    "meanResTime" : 3523.0,
    "medianResTime" : 3523.0,
    "minResTime" : 3523.0,
    "maxResTime" : 3523.0,
    "pct1ResTime" : 3523.0,
    "pct2ResTime" : 3523.0,
    "pct3ResTime" : 3523.0,
    "throughput" : 0.2838489923360772,
    "receivedKBytesPerSec" : 62.840674230059605,
    "sentKBytesPerSec" : 0.41690320749361337
  },
  "https://ie.rs-online.com/web/c/switches/" : {
    "transaction" : "https://ie.rs-online.com/web/c/switches/",
    "sampleCount" : 9,
    "errorCount" : 0,
    "errorPct" : 0.0,
    "meanResTime" : 2356.777777777778,
    "medianResTime" : 2385.0,
    "minResTime" : 1224.0,
    "maxResTime" : 3942.0,
    "pct1ResTime" : 3942.0,
    "pct2ResTime" : 3942.0,
    "pct3ResTime" : 3942.0,
    "throughput" : 0.018285212748450328,
    "receivedKBytesPerSec" : 3.5288516213396557,
    "sentKBytesPerSec" : 0.026499273162793248
  },
  "https://ie.rs-online.com/web/p/av-adapters/7684172" : {
    "transaction" : "https://ie.rs-online.com/web/p/av-adapters/7684172",
    "sampleCount" : 1,
    "errorCount" : 0,
    "errorPct" : 0.0,
    "meanResTime" : 2619.0,
    "medianResTime" : 2619.0,
    "minResTime" : 2619.0,
    "maxResTime" : 2619.0,
    "pct1ResTime" : 2619.0,
    "pct2ResTime" : 2619.0,
    "pct3ResTime" : 2619.0,
    "throughput" : 0.3818251240931653,
    "receivedKBytesPerSec" : 81.13783886979762,
    "sentKBytesPerSec" : 0.5589412705231004
  },
  "RS_AddToCart_106_ViewBasket" : {
    "transaction" : "RS_AddToCart_106_ViewBasket",
    "sampleCount" : 83,
    "errorCount" : 0,
    "errorPct" : 0.0,
    "meanResTime" : 8015.373493975902,
    "medianResTime" : 7713.0,
    "minResTime" : 5482.0,
    "maxResTime" : 15491.0,
    "pct1ResTime" : 9961.0,
    "pct2ResTime" : 10812.4,
    "pct3ResTime" : 15491.0,
    "throughput" : 0.1451475258467522,
    "receivedKBytesPerSec" : 28.2162780381738,
    "sentKBytesPerSec" : 0.6120098156014354
  },
  "https://ie.rs-online.com/web/c/fuses-circuit-breakers/circuit-breakers/" : {
    "transaction" : "https://ie.rs-online.com/web/c/fuses-circuit-breakers/circuit-breakers/",
    "sampleCount" : 8,
    "errorCount" : 0,
    "errorPct" : 0.0,
    "meanResTime" : 2126.25,
    "medianResTime" : 2245.0,
    "minResTime" : 1212.0,
    "maxResTime" : 3281.0,
    "pct1ResTime" : 3281.0,
    "pct2ResTime" : 3281.0,
    "pct3ResTime" : 3281.0,
    "throughput" : 0.018870906487581766,
    "receivedKBytesPerSec" : 3.049070401454947,
    "sentKBytesPerSec" : 0.027513929087851146
  },
  "RS_AddToCart_102_Category2" : {
    "transaction" : "RS_AddToCart_102_Category2",
    "sampleCount" : 89,
    "errorCount" : 0,
    "errorPct" : 0.0,
    "meanResTime" : 2368.0449438202245,
    "medianResTime" : 2311.0,
    "minResTime" : 1212.0,
    "maxResTime" : 3732.0,
    "pct1ResTime" : 3329.0,
    "pct2ResTime" : 3540.5,
    "pct3ResTime" : 3732.0,
    "throughput" : 0.1503208251768803,
    "receivedKBytesPerSec" : 23.470537725249,
    "sentKBytesPerSec" : 0.2210839049887935
  },
  "https://ie.rs-online.com/web/p/av-adapters/7684208" : {
    "transaction" : "https://ie.rs-online.com/web/p/av-adapters/7684208",
    "sampleCount" : 1,
    "errorCount" : 0,
    "errorPct" : 0.0,
    "meanResTime" : 3789.0,
    "medianResTime" : 3789.0,
    "minResTime" : 3789.0,
    "maxResTime" : 3789.0,
    "pct1ResTime" : 3789.0,
    "pct2ResTime" : 3789.0,
    "pct3ResTime" : 3789.0,
    "throughput" : 0.2639218791237794,
    "receivedKBytesPerSec" : 56.942434102005805,
    "sentKBytesPerSec" : 0.35851106822380574
  },
  "https://ie.rs-online.com/web/c/batteries-chargers/" : {
    "transaction" : "https://ie.rs-online.com/web/c/batteries-chargers/",
    "sampleCount" : 18,
    "errorCount" : 0,
    "errorPct" : 0.0,
    "meanResTime" : 2474.666666666666,
    "medianResTime" : 2338.0,
    "minResTime" : 1210.0,
    "maxResTime" : 3610.0,
    "pct1ResTime" : 3364.3,
    "pct2ResTime" : 3610.0,
    "pct3ResTime" : 3610.0,
    "throughput" : 0.03050232241293705,
    "receivedKBytesPerSec" : 4.7143315188334896,
    "sentKBytesPerSec" : 0.04398609644834347
  },
  "https://ie.rs-online.com/web/ca/basketsummary/" : {
    "transaction" : "https://ie.rs-online.com/web/ca/basketsummary/",
    "sampleCount" : 83,
    "errorCount" : 0,
    "errorPct" : 0.0,
    "meanResTime" : 2164.024096385541,
    "medianResTime" : 2099.0,
    "minResTime" : 1069.0,
    "maxResTime" : 4847.0,
    "pct1ResTime" : 3141.0000000000005,
    "pct2ResTime" : 3256.4,
    "pct3ResTime" : 4847.0,
    "throughput" : 0.14634344160984838,
    "receivedKBytesPerSec" : 0.0886167117598416,
    "sentKBytesPerSec" : 0.21295147172133388
  },
  "https://ie.rs-online.com/web/p/circuit-trips/7446973" : {
    "transaction" : "https://ie.rs-online.com/web/p/circuit-trips/7446973",
    "sampleCount" : 1,
    "errorCount" : 0,
    "errorPct" : 0.0,
    "meanResTime" : 1450.0,
    "medianResTime" : 1450.0,
    "minResTime" : 1450.0,
    "maxResTime" : 1450.0,
    "pct1ResTime" : 1450.0,
    "pct2ResTime" : 1450.0,
    "pct3ResTime" : 1450.0,
    "throughput" : 0.689655172413793,
    "receivedKBytesPerSec" : 157.9088092672414,
    "sentKBytesPerSec" : 1.0109105603448276
  },
  "https://ie.rs-online.com/web/p/circuit-trips/7446970" : {
    "transaction" : "https://ie.rs-online.com/web/p/circuit-trips/7446970",
    "sampleCount" : 1,
    "errorCount" : 0,
    "errorPct" : 0.0,
    "meanResTime" : 3063.0,
    "medianResTime" : 3063.0,
    "minResTime" : 3063.0,
    "maxResTime" : 3063.0,
    "pct1ResTime" : 3063.0,
    "pct2ResTime" : 3063.0,
    "pct3ResTime" : 3063.0,
    "throughput" : 0.32647730982696704,
    "receivedKBytesPerSec" : 72.35904087087822,
    "sentKBytesPerSec" : 0.4441239185439112
  },
  "https://ie.rs-online.com/web/p/ammeters/9010328" : {
    "transaction" : "https://ie.rs-online.com/web/p/ammeters/9010328",
    "sampleCount" : 2,
    "errorCount" : 0,
    "errorPct" : 0.0,
    "meanResTime" : 3129.0,
    "medianResTime" : 3129.0,
    "minResTime" : 1842.0,
    "maxResTime" : 4416.0,
    "pct1ResTime" : 4416.0,
    "pct2ResTime" : 4416.0,
    "pct3ResTime" : 4416.0,
    "throughput" : 0.014861711771961895,
    "receivedKBytesPerSec" : 3.268901717177909,
    "sentKBytesPerSec" : 0.021712032041850578
  },
  "https://ie.rs-online.com/web/p/metal-tubes/3047894" : {
    "transaction" : "https://ie.rs-online.com/web/p/metal-tubes/3047894",
    "sampleCount" : 1,
    "errorCount" : 0,
    "errorPct" : 0.0,
    "meanResTime" : 2524.0,
    "medianResTime" : 2524.0,
    "minResTime" : 2524.0,
    "maxResTime" : 2524.0,
    "pct1ResTime" : 2524.0,
    "pct2ResTime" : 2524.0,
    "pct3ResTime" : 2524.0,
    "throughput" : 0.39619651347068147,
    "receivedKBytesPerSec" : 90.51736145503169,
    "sentKBytesPerSec" : 0.5799790758716323
  },
  "https://ie.rs-online.com/web/c/cables-wires/computer-cables/" : {
    "transaction" : "https://ie.rs-online.com/web/c/cables-wires/computer-cables/",
    "sampleCount" : 9,
    "errorCount" : 0,
    "errorPct" : 0.0,
    "meanResTime" : 2457.222222222222,
    "medianResTime" : 2416.0,
    "minResTime" : 1274.0,
    "maxResTime" : 3732.0,
    "pct1ResTime" : 3732.0,
    "pct2ResTime" : 3732.0,
    "pct3ResTime" : 3732.0,
    "throughput" : 0.01715713841807371,
    "receivedKBytesPerSec" : 2.665505546402434,
    "sentKBytesPerSec" : 0.025283322141477764
  },
  "https://ie.rs-online.com/web/p/metal-tubes/6614888" : {
    "transaction" : "https://ie.rs-online.com/web/p/metal-tubes/6614888",
    "sampleCount" : 1,
    "errorCount" : 0,
    "errorPct" : 0.0,
    "meanResTime" : 1496.0,
    "medianResTime" : 1496.0,
    "minResTime" : 1496.0,
    "maxResTime" : 1496.0,
    "pct1ResTime" : 1496.0,
    "pct2ResTime" : 1496.0,
    "pct3ResTime" : 1496.0,
    "throughput" : 0.6684491978609626,
    "receivedKBytesPerSec" : 148.78673859458556,
    "sentKBytesPerSec" : 0.90802034592246
  },
  "https://ie.rs-online.com/web/p/battery-chargers/0549338" : {
    "transaction" : "https://ie.rs-online.com/web/p/battery-chargers/0549338",
    "sampleCount" : 1,
    "errorCount" : 0,
    "errorPct" : 0.0,
    "meanResTime" : 2755.0,
    "medianResTime" : 2755.0,
    "minResTime" : 2755.0,
    "maxResTime" : 2755.0,
    "pct1ResTime" : 2755.0,
    "pct2ResTime" : 2755.0,
    "pct3ResTime" : 2755.0,
    "throughput" : 0.36297640653357527,
    "receivedKBytesPerSec" : 79.55244725499092,
    "sentKBytesPerSec" : 0.5331215970961888
  },
  "RS_AddToCart_101_Category1" : {
    "transaction" : "RS_AddToCart_101_Category1",
    "sampleCount" : 89,
    "errorCount" : 0,
    "errorPct" : 0.0,
    "meanResTime" : 2424.5505617977533,
    "medianResTime" : 2322.0,
    "minResTime" : 1175.0,
    "maxResTime" : 3942.0,
    "pct1ResTime" : 3361.0,
    "pct2ResTime" : 3471.0,
    "pct3ResTime" : 3942.0,
    "throughput" : 0.15035129834258812,
    "receivedKBytesPerSec" : 25.067121256738357,
    "sentKBytesPerSec" : 0.21662821481483985
  },
  "https://ie.rs-online.com/web/p/battery-contacts/1854775" : {
    "transaction" : "https://ie.rs-online.com/web/p/battery-contacts/1854775",
    "sampleCount" : 1,
    "errorCount" : 0,
    "errorPct" : 0.0,
    "meanResTime" : 3593.0,
    "medianResTime" : 3593.0,
    "minResTime" : 3593.0,
    "maxResTime" : 3593.0,
    "pct1ResTime" : 3593.0,
    "pct2ResTime" : 3593.0,
    "pct3ResTime" : 3593.0,
    "throughput" : 0.27831895352073477,
    "receivedKBytesPerSec" : 60.20549940857222,
    "sentKBytesPerSec" : 0.4087809629835792
  },
  "https://ie.rs-online.com/web/p/capacitive-switches/1758671" : {
    "transaction" : "https://ie.rs-online.com/web/p/capacitive-switches/1758671",
    "sampleCount" : 1,
    "errorCount" : 0,
    "errorPct" : 0.0,
    "meanResTime" : 3756.0,
    "medianResTime" : 3756.0,
    "minResTime" : 3756.0,
    "maxResTime" : 3756.0,
    "pct1ResTime" : 3756.0,
    "pct2ResTime" : 3756.0,
    "pct3ResTime" : 3756.0,
    "throughput" : 0.26624068157614483,
    "receivedKBytesPerSec" : 57.678807657747605,
    "sentKBytesPerSec" : 0.39182100306176787
  },
  "https://ie.rs-online.com/web/p/battery-contacts/0489021A" : {
    "transaction" : "https://ie.rs-online.com/web/p/battery-contacts/0489021A",
    "sampleCount" : 2,
    "errorCount" : 0,
    "errorPct" : 0.0,
    "meanResTime" : 2551.0,
    "medianResTime" : 2551.0,
    "minResTime" : 1635.0,
    "maxResTime" : 3467.0,
    "pct1ResTime" : 3467.0,
    "pct2ResTime" : 3467.0,
    "pct3ResTime" : 3467.0,
    "throughput" : 0.010591649543499905,
    "receivedKBytesPerSec" : 2.309760527768657,
    "sentKBytesPerSec" : 0.015566828674772808
  },
  "https://ie.rs-online.com/web/c/cables-wires/computer-cables/firewire-cables/" : {
    "transaction" : "https://ie.rs-online.com/web/c/cables-wires/computer-cables/firewire-cables/",
    "sampleCount" : 9,
    "errorCount" : 0,
    "errorPct" : 0.0,
    "meanResTime" : 2840.5555555555557,
    "medianResTime" : 3140.0,
    "minResTime" : 1186.0,
    "maxResTime" : 4178.0,
    "pct1ResTime" : 4178.0,
    "pct2ResTime" : 4178.0,
    "pct3ResTime" : 4178.0,
    "throughput" : 0.017119867606357177,
    "receivedKBytesPerSec" : 2.567476724707773,
    "sentKBytesPerSec" : 0.025412303478186432
  },
  "https://ie.rs-online.com/web/p/capacitive-switches/8232785" : {
    "transaction" : "https://ie.rs-online.com/web/p/capacitive-switches/8232785",
    "sampleCount" : 2,
    "errorCount" : 0,
    "errorPct" : 0.0,
    "meanResTime" : 2152.0,
    "medianResTime" : 2152.0,
    "minResTime" : 1806.0,
    "maxResTime" : 2498.0,
    "pct1ResTime" : 2498.0,
    "pct2ResTime" : 2498.0,
    "pct3ResTime" : 2498.0,
    "throughput" : 0.009156502948393949,
    "receivedKBytesPerSec" : 2.0236139772872943,
    "sentKBytesPerSec" : 0.013475439397685236
  },
  "https://ie.rs-online.com/web/c/connectors/av-connectors/" : {
    "transaction" : "https://ie.rs-online.com/web/c/connectors/av-connectors/",
    "sampleCount" : 9,
    "errorCount" : 0,
    "errorPct" : 0.0,
    "meanResTime" : 2835.8888888888887,
    "medianResTime" : 3192.0,
    "minResTime" : 2238.0,
    "maxResTime" : 3324.0,
    "pct1ResTime" : 3324.0,
    "pct2ResTime" : 3324.0,
    "pct3ResTime" : 3324.0,
    "throughput" : 0.015969990613194405,
    "receivedKBytesPerSec" : 2.469822470819278,
    "sentKBytesPerSec" : 0.023097222752090737
  },
  "https://ie.rs-online.com/web/c/batteries-chargers/battery-chargers-power-banks/" : {
    "transaction" : "https://ie.rs-online.com/web/c/batteries-chargers/battery-chargers-power-banks/",
    "sampleCount" : 9,
    "errorCount" : 0,
    "errorPct" : 0.0,
    "meanResTime" : 2667.8888888888887,
    "medianResTime" : 2727.0,
    "minResTime" : 1267.0,
    "maxResTime" : 3546.0,
    "pct1ResTime" : 3546.0,
    "pct2ResTime" : 3546.0,
    "pct3ResTime" : 3546.0,
    "throughput" : 0.015957871219979252,
    "receivedKBytesPerSec" : 2.4330126105969128,
    "sentKBytesPerSec" : 0.02362512965770366
  },
  "https://ie.rs-online.com/web/p/av-adapters/7684166" : {
    "transaction" : "https://ie.rs-online.com/web/p/av-adapters/7684166",
    "sampleCount" : 1,
    "errorCount" : 0,
    "errorPct" : 0.0,
    "meanResTime" : 1676.0,
    "medianResTime" : 1676.0,
    "minResTime" : 1676.0,
    "maxResTime" : 1676.0,
    "pct1ResTime" : 1676.0,
    "pct2ResTime" : 1676.0,
    "pct3ResTime" : 1676.0,
    "throughput" : 0.5966587112171838,
    "receivedKBytesPerSec" : 130.45791225387828,
    "sentKBytesPerSec" : 0.8734291094868736
  },
  "https://ie.rs-online.com/web/miniBasketRunningTotal.html" : {
    "transaction" : "https://ie.rs-online.com/web/miniBasketRunningTotal.html",
    "sampleCount" : 83,
    "errorCount" : 0,
    "errorPct" : 0.0,
    "meanResTime" : 2228.8554216867474,
    "medianResTime" : 2222.0,
    "minResTime" : 1168.0,
    "maxResTime" : 4493.0,
    "pct1ResTime" : 3292.0,
    "pct2ResTime" : 3409.7999999999997,
    "pct3ResTime" : 4493.0,
    "throughput" : 0.14686964169115968,
    "receivedKBytesPerSec" : 0.08538249477551065,
    "sentKBytesPerSec" : 0.19262297733518308
  },
  "https://ie.rs-online.com/web/p/battery-chargers/0549261" : {
    "transaction" : "https://ie.rs-online.com/web/p/battery-chargers/0549261",
    "sampleCount" : 1,
    "errorCount" : 0,
    "errorPct" : 0.0,
    "meanResTime" : 1469.0,
    "medianResTime" : 1469.0,
    "minResTime" : 1469.0,
    "maxResTime" : 1469.0,
    "pct1ResTime" : 1469.0,
    "pct2ResTime" : 1469.0,
    "pct3ResTime" : 1469.0,
    "throughput" : 0.6807351940095302,
    "receivedKBytesPerSec" : 149.61416141933287,
    "sentKBytesPerSec" : 0.9998298162014976
  },
  "https://ie.rs-online.com/web/p/ammeters/1862417" : {
    "transaction" : "https://ie.rs-online.com/web/p/ammeters/1862417",
    "sampleCount" : 1,
    "errorCount" : 0,
    "errorPct" : 0.0,
    "meanResTime" : 1445.0,
    "medianResTime" : 1445.0,
    "minResTime" : 1445.0,
    "maxResTime" : 1445.0,
    "pct1ResTime" : 1445.0,
    "pct2ResTime" : 1445.0,
    "pct3ResTime" : 1445.0,
    "throughput" : 0.6920415224913494,
    "receivedKBytesPerSec" : 152.6492214532872,
    "sentKBytesPerSec" : 1.0110294117647058
  },
  "https://ie.rs-online.com/web/c/switches/capacitive-magnetic-and-piezo-switches/capacitive-switches/" : {
    "transaction" : "https://ie.rs-online.com/web/c/switches/capacitive-magnetic-and-piezo-switches/capacitive-switches/",
    "sampleCount" : 9,
    "errorCount" : 0,
    "errorPct" : 0.0,
    "meanResTime" : 2188.0,
    "medianResTime" : 1791.0,
    "minResTime" : 1294.0,
    "maxResTime" : 3347.0,
    "pct1ResTime" : 3347.0,
    "pct2ResTime" : 3347.0,
    "pct3ResTime" : 3347.0,
    "throughput" : 0.018355135154978525,
    "receivedKBytesPerSec" : 2.8440879607393854,
    "sentKBytesPerSec" : 0.02765817728919127
  },
  "https://ie.rs-online.com/web/c/fuses-circuit-breakers/circuit-breakers/circuit-trips/" : {
    "transaction" : "https://ie.rs-online.com/web/c/fuses-circuit-breakers/circuit-breakers/circuit-trips/",
    "sampleCount" : 8,
    "errorCount" : 0,
    "errorPct" : 0.0,
    "meanResTime" : 2302.25,
    "medianResTime" : 2217.0,
    "minResTime" : 1137.0,
    "maxResTime" : 3524.0,
    "pct1ResTime" : 3524.0,
    "pct2ResTime" : 3524.0,
    "pct3ResTime" : 3524.0,
    "throughput" : 0.018783399231758972,
    "receivedKBytesPerSec" : 3.405713224011993,
    "sentKBytesPerSec" : 0.02755143129502146
  },
  "https://ie.rs-online.com/web/p/ammeters/1862414" : {
    "transaction" : "https://ie.rs-online.com/web/p/ammeters/1862414",
    "sampleCount" : 1,
    "errorCount" : 0,
    "errorPct" : 0.0,
    "meanResTime" : 4342.0,
    "medianResTime" : 4342.0,
    "minResTime" : 4342.0,
    "maxResTime" : 4342.0,
    "pct1ResTime" : 4342.0,
    "pct2ResTime" : 4342.0,
    "pct3ResTime" : 4342.0,
    "throughput" : 0.2303086135421465,
    "receivedKBytesPerSec" : 50.76370696107785,
    "sentKBytesPerSec" : 0.33646649009672963
  },
  "https://ie.rs-online.com/web/p/battery-chargers/0549306" : {
    "transaction" : "https://ie.rs-online.com/web/p/battery-chargers/0549306",
    "sampleCount" : 2,
    "errorCount" : 0,
    "errorPct" : 0.0,
    "meanResTime" : 1488.0,
    "medianResTime" : 1488.0,
    "minResTime" : 1470.0,
    "maxResTime" : 1506.0,
    "pct1ResTime" : 1506.0,
    "pct2ResTime" : 1506.0,
    "pct3ResTime" : 1506.0,
    "throughput" : 0.0035429771991702347,
    "receivedKBytesPerSec" : 0.7849978055684973,
    "sentKBytesPerSec" : 0.0050169110730437895
  },
  "https://ie.rs-online.com/web/p/metal-tubes/6614876" : {
    "transaction" : "https://ie.rs-online.com/web/p/metal-tubes/6614876",
    "sampleCount" : 1,
    "errorCount" : 0,
    "errorPct" : 0.0,
    "meanResTime" : 3517.0,
    "medianResTime" : 3517.0,
    "minResTime" : 3517.0,
    "maxResTime" : 3517.0,
    "pct1ResTime" : 3517.0,
    "pct2ResTime" : 3517.0,
    "pct3ResTime" : 3517.0,
    "throughput" : 0.2843332385555871,
    "receivedKBytesPerSec" : 63.09032467301678,
    "sentKBytesPerSec" : 0.38623782698322434
  },
  "RS_AddToCart_100_HomePage" : {
    "transaction" : "RS_AddToCart_100_HomePage",
    "sampleCount" : 90,
    "errorCount" : 0,
    "errorPct" : 0.0,
    "meanResTime" : 2602.8777777777777,
    "medianResTime" : 2519.0,
    "minResTime" : 1312.0,
    "maxResTime" : 4432.0,
    "pct1ResTime" : 3589.3000000000006,
    "pct2ResTime" : 3787.4,
    "pct3ResTime" : 4432.0,
    "throughput" : 0.148379204489625,
    "receivedKBytesPerSec" : 26.02743196607392,
    "sentKBytesPerSec" : 0.19772623810081214
  },
  "https://ie.rs-online.com/web/p/ammeters/1862494" : {
    "transaction" : "https://ie.rs-online.com/web/p/ammeters/1862494",
    "sampleCount" : 1,
    "errorCount" : 0,
    "errorPct" : 0.0,
    "meanResTime" : 2446.0,
    "medianResTime" : 2446.0,
    "minResTime" : 2446.0,
    "maxResTime" : 2446.0,
    "pct1ResTime" : 2446.0,
    "pct2ResTime" : 2446.0,
    "pct3ResTime" : 2446.0,
    "throughput" : 0.40883074407195424,
    "receivedKBytesPerSec" : 89.92519674979557,
    "sentKBytesPerSec" : 0.5972761651676206
  },
  "https://ie.rs-online.com/web/p/batten-lights/3627901" : {
    "transaction" : "https://ie.rs-online.com/web/p/batten-lights/3627901",
    "sampleCount" : 1,
    "errorCount" : 0,
    "errorPct" : 0.0,
    "meanResTime" : 3561.0,
    "medianResTime" : 3561.0,
    "minResTime" : 3561.0,
    "maxResTime" : 3561.0,
    "pct1ResTime" : 3561.0,
    "pct2ResTime" : 3561.0,
    "pct3ResTime" : 3561.0,
    "throughput" : 0.2808199943836001,
    "receivedKBytesPerSec" : 63.55664007652345,
    "sentKBytesPerSec" : 0.38201391814097163
  },
  "https://ie.rs-online.com/web/p/audio-cable/2149611" : {
    "transaction" : "https://ie.rs-online.com/web/p/audio-cable/2149611",
    "sampleCount" : 2,
    "errorCount" : 0,
    "errorPct" : 0.0,
    "meanResTime" : 2752.5,
    "medianResTime" : 2752.5,
    "minResTime" : 1802.0,
    "maxResTime" : 3703.0,
    "pct1ResTime" : 3703.0,
    "pct2ResTime" : 3703.0,
    "pct3ResTime" : 3703.0,
    "throughput" : 0.006396029344982635,
    "receivedKBytesPerSec" : 1.4097810579192436,
    "sentKBytesPerSec" : 0.009362937488407197
  },
  "https://ie.rs-online.com/web/p/batten-lights/8513034" : {
    "transaction" : "https://ie.rs-online.com/web/p/batten-lights/8513034",
    "sampleCount" : 1,
    "errorCount" : 0,
    "errorPct" : 0.0,
    "meanResTime" : 2585.0,
    "medianResTime" : 2585.0,
    "minResTime" : 2585.0,
    "maxResTime" : 2585.0,
    "pct1ResTime" : 2585.0,
    "pct2ResTime" : 2585.0,
    "pct3ResTime" : 2585.0,
    "throughput" : 0.38684719535783363,
    "receivedKBytesPerSec" : 86.98470744680851,
    "sentKBytesPerSec" : 0.5670484767891683
  },
  "https://ie.rs-online.com/web/p/schema/graphql" : {
    "transaction" : "https://ie.rs-online.com/web/p/schema/graphql",
    "sampleCount" : 84,
    "errorCount" : 0,
    "errorPct" : 0.0,
    "meanResTime" : 2387.8690476190473,
    "medianResTime" : 2295.5,
    "minResTime" : 1136.0,
    "maxResTime" : 5603.0,
    "pct1ResTime" : 3316.5,
    "pct2ResTime" : 3387.75,
    "pct3ResTime" : 5603.0,
    "throughput" : 0.14526136670194442,
    "receivedKBytesPerSec" : 0.09285878801005762,
    "sentKBytesPerSec" : 0.27153756454619654
  },
  "https://ie.rs-online.com/web/p/capacitive-switches/8232731" : {
    "transaction" : "https://ie.rs-online.com/web/p/capacitive-switches/8232731",
    "sampleCount" : 2,
    "errorCount" : 0,
    "errorPct" : 0.0,
    "meanResTime" : 3806.0,
    "medianResTime" : 3806.0,
    "minResTime" : 3726.0,
    "maxResTime" : 3886.0,
    "pct1ResTime" : 3886.0,
    "pct2ResTime" : 3886.0,
    "pct3ResTime" : 3886.0,
    "throughput" : 0.02235411147995395,
    "receivedKBytesPerSec" : 5.096759247616493,
    "sentKBytesPerSec" : 0.032898091797158795
  },
  "https://ie.rs-online.com/web/p/metal-tubes/9186374" : {
    "transaction" : "https://ie.rs-online.com/web/p/metal-tubes/9186374",
    "sampleCount" : 1,
    "errorCount" : 0,
    "errorPct" : 0.0,
    "meanResTime" : 3663.0,
    "medianResTime" : 3663.0,
    "minResTime" : 3663.0,
    "maxResTime" : 3663.0,
    "pct1ResTime" : 3663.0,
    "pct2ResTime" : 3663.0,
    "pct3ResTime" : 3663.0,
    "throughput" : 0.273000273000273,
    "receivedKBytesPerSec" : 61.85162435162435,
    "sentKBytesPerSec" : 0.3996361418236418
  },
  "https://ie.rs-online.com/web/p/battery-chargers/7934323" : {
    "transaction" : "https://ie.rs-online.com/web/p/battery-chargers/7934323",
    "sampleCount" : 1,
    "errorCount" : 0,
    "errorPct" : 0.0,
    "meanResTime" : 1803.0,
    "medianResTime" : 1803.0,
    "minResTime" : 1803.0,
    "maxResTime" : 1803.0,
    "pct1ResTime" : 1803.0,
    "pct2ResTime" : 1803.0,
    "pct3ResTime" : 1803.0,
    "throughput" : 0.5546311702717693,
    "receivedKBytesPerSec" : 127.8473594356628,
    "sentKBytesPerSec" : 0.8146145313366612
  },
  "https://ie.rs-online.com/web/p/batten-lights/1256910" : {
    "transaction" : "https://ie.rs-online.com/web/p/batten-lights/1256910",
    "sampleCount" : 1,
    "errorCount" : 0,
    "errorPct" : 0.0,
    "meanResTime" : 4192.0,
    "medianResTime" : 4192.0,
    "minResTime" : 4192.0,
    "maxResTime" : 4192.0,
    "pct1ResTime" : 4192.0,
    "pct2ResTime" : 4192.0,
    "pct3ResTime" : 4192.0,
    "throughput" : 0.23854961832061067,
    "receivedKBytesPerSec" : 52.54218414539599,
    "sentKBytesPerSec" : 0.34967087607347325
  },
  "https://ie.rs-online.com/web/c/engineering-materials-industrial-hardware/" : {
    "transaction" : "https://ie.rs-online.com/web/c/engineering-materials-industrial-hardware/",
    "sampleCount" : 9,
    "errorCount" : 0,
    "errorPct" : 0.0,
    "meanResTime" : 1920.666666666667,
    "medianResTime" : 2221.0,
    "minResTime" : 1243.0,
    "maxResTime" : 2451.0,
    "pct1ResTime" : 2451.0,
    "pct2ResTime" : 2451.0,
    "pct3ResTime" : 2451.0,
    "throughput" : 0.019221774426069854,
    "receivedKBytesPerSec" : 3.4313933323669055,
    "sentKBytesPerSec" : 0.02780441350628659
  },
  "https://ie.rs-online.com/web/c/cables-wires/" : {
    "transaction" : "https://ie.rs-online.com/web/c/cables-wires/",
    "sampleCount" : 18,
    "errorCount" : 0,
    "errorPct" : 0.0,
    "meanResTime" : 2375.1666666666665,
    "medianResTime" : 2269.5,
    "minResTime" : 1244.0,
    "maxResTime" : 3330.0,
    "pct1ResTime" : 3298.5,
    "pct2ResTime" : 3330.0,
    "pct3ResTime" : 3330.0,
    "throughput" : 0.033737053405755536,
    "receivedKBytesPerSec" : 5.623160715591017,
    "sentKBytesPerSec" : 0.04902415573023852
  },
  "https://ie.rs-online.com/web/c/batteries-chargers/battery-chargers-power-banks/battery-chargers/" : {
    "transaction" : "https://ie.rs-online.com/web/c/batteries-chargers/battery-chargers-power-banks/battery-chargers/",
    "sampleCount" : 9,
    "errorCount" : 0,
    "errorPct" : 0.0,
    "meanResTime" : 1937.111111111111,
    "medianResTime" : 1460.0,
    "minResTime" : 1137.0,
    "maxResTime" : 4271.0,
    "pct1ResTime" : 4271.0,
    "pct2ResTime" : 4271.0,
    "pct3ResTime" : 4271.0,
    "throughput" : 0.015979574552705076,
    "receivedKBytesPerSec" : 2.899502125283415,
    "sentKBytesPerSec" : 0.023844521402864603
  },
  "https://ie.rs-online.com/web/p/circuit-trips/5215190" : {
    "transaction" : "https://ie.rs-online.com/web/p/circuit-trips/5215190",
    "sampleCount" : 1,
    "errorCount" : 0,
    "errorPct" : 0.0,
    "meanResTime" : 1553.0,
    "medianResTime" : 1553.0,
    "minResTime" : 1553.0,
    "maxResTime" : 1553.0,
    "pct1ResTime" : 1553.0,
    "pct2ResTime" : 1553.0,
    "pct3ResTime" : 1553.0,
    "throughput" : 0.643915003219575,
    "receivedKBytesPerSec" : 135.68559340792015,
    "sentKBytesPerSec" : 0.943863691242756
  },
  "https://ie.rs-online.com/web/p/battery-contacts/1854670" : {
    "transaction" : "https://ie.rs-online.com/web/p/battery-contacts/1854670",
    "sampleCount" : 1,
    "errorCount" : 0,
    "errorPct" : 0.0,
    "meanResTime" : 2846.0,
    "medianResTime" : 2846.0,
    "minResTime" : 2846.0,
    "maxResTime" : 2846.0,
    "pct1ResTime" : 2846.0,
    "pct2ResTime" : 2846.0,
    "pct3ResTime" : 2846.0,
    "throughput" : 0.35137034434293746,
    "receivedKBytesPerSec" : 75.44134036806044,
    "sentKBytesPerSec" : 0.5160751932536893
  },
  "https://ie.rs-online.com/web/c/cables-wires/av-cables/audio-cable/" : {
    "transaction" : "https://ie.rs-online.com/web/c/cables-wires/av-cables/audio-cable/",
    "sampleCount" : 9,
    "errorCount" : 0,
    "errorPct" : 0.0,
    "meanResTime" : 2401.777777777778,
    "medianResTime" : 2177.0,
    "minResTime" : 1135.0,
    "maxResTime" : 4871.0,
    "pct1ResTime" : 4871.0,
    "pct2ResTime" : 4871.0,
    "pct3ResTime" : 4871.0,
    "throughput" : 0.017011978322959177,
    "receivedKBytesPerSec" : 2.9413555463302328,
    "sentKBytesPerSec" : 0.02508602272233238
  },
  "https://ie.rs-online.com/web/p/metal-tubes/9186383" : {
    "transaction" : "https://ie.rs-online.com/web/p/metal-tubes/9186383",
    "sampleCount" : 1,
    "errorCount" : 0,
    "errorPct" : 0.0,
    "meanResTime" : 3530.0,
    "medianResTime" : 3530.0,
    "minResTime" : 3530.0,
    "maxResTime" : 3530.0,
    "pct1ResTime" : 3530.0,
    "pct2ResTime" : 3530.0,
    "pct3ResTime" : 3530.0,
    "throughput" : 0.28328611898017,
    "receivedKBytesPerSec" : 64.04009162535411,
    "sentKBytesPerSec" : 0.4146932542492918
  },
  "https://ie.rs-online.com/web/p/circuit-trips/8067307" : {
    "transaction" : "https://ie.rs-online.com/web/p/circuit-trips/8067307",
    "sampleCount" : 1,
    "errorCount" : 0,
    "errorPct" : 0.0,
    "meanResTime" : 2505.0,
    "medianResTime" : 2505.0,
    "minResTime" : 2505.0,
    "maxResTime" : 2505.0,
    "pct1ResTime" : 2505.0,
    "pct2ResTime" : 2505.0,
    "pct3ResTime" : 2505.0,
    "throughput" : 0.3992015968063872,
    "receivedKBytesPerSec" : 88.72333458083833,
    "sentKBytesPerSec" : 0.5851578093812375
  },
  "RS_AddToCart_104_SelectProduct" : {
    "transaction" : "RS_AddToCart_104_SelectProduct",
    "sampleCount" : 86,
    "errorCount" : 0,
    "errorPct" : 0.0,
    "meanResTime" : 2700.406976744186,
    "medianResTime" : 2657.0,
    "minResTime" : 1443.0,
    "maxResTime" : 4416.0,
    "pct1ResTime" : 3823.1,
    "pct2ResTime" : 4063.2499999999986,
    "pct3ResTime" : 4416.0,
    "throughput" : 0.1471667827458926,
    "receivedKBytesPerSec" : 32.56737365635444,
    "sentKBytesPerSec" : 0.2139620260502318
  },
  "https://ie.rs-online.com/web/p/batten-lights/1884676" : {
    "transaction" : "https://ie.rs-online.com/web/p/batten-lights/1884676",
    "sampleCount" : 1,
    "errorCount" : 0,
    "errorPct" : 0.0,
    "meanResTime" : 3745.0,
    "medianResTime" : 3745.0,
    "minResTime" : 3745.0,
    "maxResTime" : 3745.0,
    "pct1ResTime" : 3745.0,
    "pct2ResTime" : 3745.0,
    "pct3ResTime" : 3745.0,
    "throughput" : 0.26702269692923897,
    "receivedKBytesPerSec" : 59.1875104305741,
    "sentKBytesPerSec" : 0.39140729305740984
  },
  "https://ie.rs-online.com/basket?source=web" : {
    "transaction" : "https://ie.rs-online.com/basket?source=web",
    "sampleCount" : 83,
    "errorCount" : 0,
    "errorPct" : 0.0,
    "meanResTime" : 3622.4698795180725,
    "medianResTime" : 3501.0,
    "minResTime" : 2111.0,
    "maxResTime" : 7756.0,
    "pct1ResTime" : 4744.8,
    "pct2ResTime" : 5008.0,
    "pct3ResTime" : 7756.0,
    "throughput" : 0.14599336169943308,
    "receivedKBytesPerSec" : 28.20742839619256,
    "sentKBytesPerSec" : 0.21166048595121711
  },
  "https://ie.rs-online.com/web/p/battery-chargers/7674926" : {
    "transaction" : "https://ie.rs-online.com/web/p/battery-chargers/7674926",
    "sampleCount" : 1,
    "errorCount" : 0,
    "errorPct" : 0.0,
    "meanResTime" : 3596.0,
    "medianResTime" : 3596.0,
    "minResTime" : 3596.0,
    "maxResTime" : 3596.0,
    "pct1ResTime" : 3596.0,
    "pct2ResTime" : 3596.0,
    "pct3ResTime" : 3596.0,
    "throughput" : 0.27808676307007785,
    "receivedKBytesPerSec" : 60.45644248818131,
    "sentKBytesPerSec" : 0.4084399332591769
  },
  "https://ie.rs-online.com/web/p/firewire-cables/3319329" : {
    "transaction" : "https://ie.rs-online.com/web/p/firewire-cables/3319329",
    "sampleCount" : 3,
    "errorCount" : 0,
    "errorPct" : 0.0,
    "meanResTime" : 2623.6666666666665,
    "medianResTime" : 2687.0,
    "minResTime" : 1663.0,
    "maxResTime" : 3521.0,
    "pct1ResTime" : 3521.0,
    "pct2ResTime" : 3521.0,
    "pct3ResTime" : 3521.0,
    "throughput" : 0.007571035238121676,
    "receivedKBytesPerSec" : 1.6896741686687848,
    "sentKBytesPerSec" : 0.011112564416891483
  },
  "https://ie.rs-online.com/web/p/audio-cable/7832788" : {
    "transaction" : "https://ie.rs-online.com/web/p/audio-cable/7832788",
    "sampleCount" : 1,
    "errorCount" : 0,
    "errorPct" : 0.0,
    "meanResTime" : 2826.0,
    "medianResTime" : 2826.0,
    "minResTime" : 2826.0,
    "maxResTime" : 2826.0,
    "pct1ResTime" : 2826.0,
    "pct2ResTime" : 2826.0,
    "pct3ResTime" : 2826.0,
    "throughput" : 0.35385704175513094,
    "receivedKBytesPerSec" : 82.28074685951876,
    "sentKBytesPerSec" : 0.5179997124911535
  },
  "https://ie.rs-online.com/web/p/metal-tubes/3047989" : {
    "transaction" : "https://ie.rs-online.com/web/p/metal-tubes/3047989",
    "sampleCount" : 1,
    "errorCount" : 0,
    "errorPct" : 0.0,
    "meanResTime" : 2680.0,
    "medianResTime" : 2680.0,
    "minResTime" : 2680.0,
    "maxResTime" : 2680.0,
    "pct1ResTime" : 2680.0,
    "pct2ResTime" : 2680.0,
    "pct3ResTime" : 2680.0,
    "throughput" : 0.373134328358209,
    "receivedKBytesPerSec" : 84.83048624067163,
    "sentKBytesPerSec" : 0.5462190998134328
  },
  "https://ie.rs-online.com/web/p/battery-contacts/1854627" : {
    "transaction" : "https://ie.rs-online.com/web/p/battery-contacts/1854627",
    "sampleCount" : 1,
    "errorCount" : 0,
    "errorPct" : 0.0,
    "meanResTime" : 1631.0,
    "medianResTime" : 1631.0,
    "minResTime" : 1631.0,
    "maxResTime" : 1631.0,
    "pct1ResTime" : 1631.0,
    "pct2ResTime" : 1631.0,
    "pct3ResTime" : 1631.0,
    "throughput" : 0.6131207847946045,
    "receivedKBytesPerSec" : 131.42220072041692,
    "sentKBytesPerSec" : 0.9005211526670754
  },
  "https://ie.rs-online.com/web/p/av-adapters/0410927" : {
    "transaction" : "https://ie.rs-online.com/web/p/av-adapters/0410927",
    "sampleCount" : 1,
    "errorCount" : 0,
    "errorPct" : 0.0,
    "meanResTime" : 3585.0,
    "medianResTime" : 3585.0,
    "minResTime" : 3585.0,
    "maxResTime" : 3585.0,
    "pct1ResTime" : 3585.0,
    "pct2ResTime" : 3585.0,
    "pct3ResTime" : 3585.0,
    "throughput" : 0.2789400278940028,
    "receivedKBytesPerSec" : 60.85033124128312,
    "sentKBytesPerSec" : 0.40833115411436544
  },
  "https://ie.rs-online.com/web/p/capacitive-switches/8232750" : {
    "transaction" : "https://ie.rs-online.com/web/p/capacitive-switches/8232750",
    "sampleCount" : 2,
    "errorCount" : 0,
    "errorPct" : 0.0,
    "meanResTime" : 2568.0,
    "medianResTime" : 2568.0,
    "minResTime" : 2502.0,
    "maxResTime" : 2634.0,
    "pct1ResTime" : 2634.0,
    "pct2ResTime" : 2634.0,
    "pct3ResTime" : 2634.0,
    "throughput" : 0.008514623866490698,
    "receivedKBytesPerSec" : 1.9086934642279365,
    "sentKBytesPerSec" : 0.012530798991017073
  },
  "https://ie.rs-online.com/web/p/audio-cable/2075324" : {
    "transaction" : "https://ie.rs-online.com/web/p/audio-cable/2075324",
    "sampleCount" : 1,
    "errorCount" : 0,
    "errorPct" : 0.0,
    "meanResTime" : 1747.0,
    "medianResTime" : 1747.0,
    "minResTime" : 1747.0,
    "maxResTime" : 1747.0,
    "pct1ResTime" : 1747.0,
    "pct2ResTime" : 1747.0,
    "pct3ResTime" : 1747.0,
    "throughput" : 0.5724098454493417,
    "receivedKBytesPerSec" : 128.03142440612478,
    "sentKBytesPerSec" : 0.8379319905552375
  },
  "https://ie.rs-online.com/web/c/connectors/" : {
    "transaction" : "https://ie.rs-online.com/web/c/connectors/",
    "sampleCount" : 9,
    "errorCount" : 0,
    "errorPct" : 0.0,
    "meanResTime" : 2523.6666666666665,
    "medianResTime" : 3261.0,
    "minResTime" : 1210.0,
    "maxResTime" : 3486.0,
    "pct1ResTime" : 3486.0,
    "pct2ResTime" : 3486.0,
    "pct3ResTime" : 3486.0,
    "throughput" : 0.0159684605162071,
    "receivedKBytesPerSec" : 2.8161288049292863,
    "sentKBytesPerSec" : 0.022632381864441966
  },
  "https://ie.rs-online.com/web/c/lighting/" : {
    "transaction" : "https://ie.rs-online.com/web/c/lighting/",
    "sampleCount" : 9,
    "errorCount" : 0,
    "errorPct" : 0.0,
    "meanResTime" : 2799.1111111111113,
    "medianResTime" : 3236.0,
    "minResTime" : 1175.0,
    "maxResTime" : 3662.0,
    "pct1ResTime" : 3662.0,
    "pct2ResTime" : 3662.0,
    "pct3ResTime" : 3662.0,
    "throughput" : 0.019400900201769364,
    "receivedKBytesPerSec" : 3.0623845208570453,
    "sentKBytesPerSec" : 0.027459347030368876
  },
  "https://ie.rs-online.com/web/p/av-adapters/0410937" : {
    "transaction" : "https://ie.rs-online.com/web/p/av-adapters/0410937",
    "sampleCount" : 1,
    "errorCount" : 0,
    "errorPct" : 0.0,
    "meanResTime" : 3496.0,
    "medianResTime" : 3496.0,
    "minResTime" : 3496.0,
    "maxResTime" : 3496.0,
    "pct1ResTime" : 3496.0,
    "pct2ResTime" : 3496.0,
    "pct3ResTime" : 3496.0,
    "throughput" : 0.28604118993135014,
    "receivedKBytesPerSec" : 62.50558674199085,
    "sentKBytesPerSec" : 0.4187263122139588
  },
  "https://ie.rs-online.com/web/p/capacitive-switches/1759601" : {
    "transaction" : "https://ie.rs-online.com/web/p/capacitive-switches/1759601",
    "sampleCount" : 1,
    "errorCount" : 0,
    "errorPct" : 0.0,
    "meanResTime" : 1589.0,
    "medianResTime" : 1589.0,
    "minResTime" : 1589.0,
    "maxResTime" : 1589.0,
    "pct1ResTime" : 1589.0,
    "pct2ResTime" : 1589.0,
    "pct3ResTime" : 1589.0,
    "throughput" : 0.6293266205160478,
    "receivedKBytesPerSec" : 136.0949545704846,
    "sentKBytesPerSec" : 0.9261672042164883
  },
  "https://ie.rs-online.com/web/c/automation-control-gear/" : {
    "transaction" : "https://ie.rs-online.com/web/c/automation-control-gear/",
    "sampleCount" : 9,
    "errorCount" : 0,
    "errorPct" : 0.0,
    "meanResTime" : 2454.6666666666665,
    "medianResTime" : 2388.0,
    "minResTime" : 1183.0,
    "maxResTime" : 3443.0,
    "pct1ResTime" : 3443.0,
    "pct2ResTime" : 3443.0,
    "pct3ResTime" : 3443.0,
    "throughput" : 0.018220356997528105,
    "receivedKBytesPerSec" : 3.0099966494787966,
    "sentKBytesPerSec" : 0.02667218275321741
  },
  "https://ie.rs-online.com/web/c/connectors/av-connectors/av-adapters/" : {
    "transaction" : "https://ie.rs-online.com/web/c/connectors/av-connectors/av-adapters/",
    "sampleCount" : 9,
    "errorCount" : 0,
    "errorPct" : 0.0,
    "meanResTime" : 2442.222222222222,
    "medianResTime" : 2409.0,
    "minResTime" : 1262.0,
    "maxResTime" : 3300.0,
    "pct1ResTime" : 3300.0,
    "pct2ResTime" : 3300.0,
    "pct3ResTime" : 3300.0,
    "throughput" : 0.01596469319407391,
    "receivedKBytesPerSec" : 2.6282915538790657,
    "sentKBytesPerSec" : 0.023198694797638645
  },
  "https://ie.rs-online.com/web/p/audio-cable/2075335" : {
    "transaction" : "https://ie.rs-online.com/web/p/audio-cable/2075335",
    "sampleCount" : 1,
    "errorCount" : 0,
    "errorPct" : 0.0,
    "meanResTime" : 3943.0,
    "medianResTime" : 3943.0,
    "minResTime" : 3943.0,
    "maxResTime" : 3943.0,
    "pct1ResTime" : 3943.0,
    "pct2ResTime" : 3943.0,
    "pct3ResTime" : 3943.0,
    "throughput" : 0.25361399949277197,
    "receivedKBytesPerSec" : 56.66291529292417,
    "sentKBytesPerSec" : 0.3712572121481106
  },
  "https://ie.rs-online.com/web/p/av-adapters/0489472" : {
    "transaction" : "https://ie.rs-online.com/web/p/av-adapters/0489472",
    "sampleCount" : 1,
    "errorCount" : 0,
    "errorPct" : 0.0,
    "meanResTime" : 3728.0,
    "medianResTime" : 3728.0,
    "minResTime" : 3728.0,
    "maxResTime" : 3728.0,
    "pct1ResTime" : 3728.0,
    "pct2ResTime" : 3728.0,
    "pct3ResTime" : 3728.0,
    "throughput" : 0.26824034334763946,
    "receivedKBytesPerSec" : 59.86710577052038,
    "sentKBytesPerSec" : 0.364377263277897
  },
  "https://ie.rs-online.com/web/p/audio-cable/2075331" : {
    "transaction" : "https://ie.rs-online.com/web/p/audio-cable/2075331",
    "sampleCount" : 1,
    "errorCount" : 0,
    "errorPct" : 0.0,
    "meanResTime" : 2006.0,
    "medianResTime" : 2006.0,
    "minResTime" : 2006.0,
    "maxResTime" : 2006.0,
    "pct1ResTime" : 2006.0,
    "pct2ResTime" : 2006.0,
    "pct3ResTime" : 2006.0,
    "throughput" : 0.4985044865403788,
    "receivedKBytesPerSec" : 111.70735839356931,
    "sentKBytesPerSec" : 0.7297443606679961
  },
  "https://ie.rs-online.com/web/c/switches/capacitive-magnetic-and-piezo-switches/" : {
    "transaction" : "https://ie.rs-online.com/web/c/switches/capacitive-magnetic-and-piezo-switches/",
    "sampleCount" : 9,
    "errorCount" : 0,
    "errorPct" : 0.0,
    "meanResTime" : 2425.0,
    "medianResTime" : 2428.0,
    "minResTime" : 1222.0,
    "maxResTime" : 3488.0,
    "pct1ResTime" : 3488.0,
    "pct2ResTime" : 3488.0,
    "pct3ResTime" : 3488.0,
    "throughput" : 0.018291493236212278,
    "receivedKBytesPerSec" : 2.7757797479381425,
    "sentKBytesPerSec" : 0.02729433756341051
  },
  "https://ie.rs-online.com/web/p/av-adapters/0392582" : {
    "transaction" : "https://ie.rs-online.com/web/p/av-adapters/0392582",
    "sampleCount" : 1,
    "errorCount" : 0,
    "errorPct" : 0.0,
    "meanResTime" : 1540.0,
    "medianResTime" : 1540.0,
    "minResTime" : 1540.0,
    "maxResTime" : 1540.0,
    "pct1ResTime" : 1540.0,
    "pct2ResTime" : 1540.0,
    "pct3ResTime" : 1540.0,
    "throughput" : 0.6493506493506493,
    "receivedKBytesPerSec" : 141.2502536525974,
    "sentKBytesPerSec" : 0.9505631087662337
  },
  "https://ie.rs-online.com/web/p/batten-lights/2318165" : {
    "transaction" : "https://ie.rs-online.com/web/p/batten-lights/2318165",
    "sampleCount" : 1,
    "errorCount" : 0,
    "errorPct" : 0.0,
    "meanResTime" : 3507.0,
    "medianResTime" : 3507.0,
    "minResTime" : 3507.0,
    "maxResTime" : 3507.0,
    "pct1ResTime" : 3507.0,
    "pct2ResTime" : 3507.0,
    "pct3ResTime" : 3507.0,
    "throughput" : 0.285143997718848,
    "receivedKBytesPerSec" : 66.47809292130026,
    "sentKBytesPerSec" : 0.4179698638437411
  },
  "https://ie.rs-online.com/web/c/automation-control-gear/process-control/" : {
    "transaction" : "https://ie.rs-online.com/web/c/automation-control-gear/process-control/",
    "sampleCount" : 9,
    "errorCount" : 0,
    "errorPct" : 0.0,
    "meanResTime" : 1676.5555555555557,
    "medianResTime" : 1430.0,
    "minResTime" : 1253.0,
    "maxResTime" : 3295.0,
    "pct1ResTime" : 3295.0,
    "pct2ResTime" : 3295.0,
    "pct3ResTime" : 3295.0,
    "throughput" : 0.0182955834461561,
    "receivedKBytesPerSec" : 2.9827121347490047,
    "sentKBytesPerSec" : 0.027157506677887955
  },
  "https://ie.rs-online.com/web/p/circuit-trips/7909175" : {
    "transaction" : "https://ie.rs-online.com/web/p/circuit-trips/7909175",
    "sampleCount" : 1,
    "errorCount" : 0,
    "errorPct" : 0.0,
    "meanResTime" : 1462.0,
    "medianResTime" : 1462.0,
    "minResTime" : 1462.0,
    "maxResTime" : 1462.0,
    "pct1ResTime" : 1462.0,
    "pct2ResTime" : 1462.0,
    "pct3ResTime" : 1462.0,
    "throughput" : 0.6839945280437756,
    "receivedKBytesPerSec" : 148.1609631497948,
    "sentKBytesPerSec" : 1.0026130728454172
  },
  "https://ie.rs-online.com/web/p/batten-lights/2318166" : {
    "transaction" : "https://ie.rs-online.com/web/p/batten-lights/2318166",
    "sampleCount" : 2,
    "errorCount" : 0,
    "errorPct" : 0.0,
    "meanResTime" : 1963.0,
    "medianResTime" : 1963.0,
    "minResTime" : 1452.0,
    "maxResTime" : 2474.0,
    "pct1ResTime" : 2474.0,
    "pct2ResTime" : 2474.0,
    "pct3ResTime" : 2474.0,
    "throughput" : 0.005901654824012653,
    "receivedKBytesPerSec" : 1.3755524041128633,
    "sentKBytesPerSec" : 0.008339545439791318
  },
  "https://ie.rs-online.com/web/p/circuit-trips/1216864" : {
    "transaction" : "https://ie.rs-online.com/web/p/circuit-trips/1216864",
    "sampleCount" : 1,
    "errorCount" : 0,
    "errorPct" : 0.0,
    "meanResTime" : 2751.0,
    "medianResTime" : 2751.0,
    "minResTime" : 2751.0,
    "maxResTime" : 2751.0,
    "pct1ResTime" : 2751.0,
    "pct2ResTime" : 2751.0,
    "pct3ResTime" : 2751.0,
    "throughput" : 0.3635041802980734,
    "receivedKBytesPerSec" : 78.37490912395492,
    "sentKBytesPerSec" : 0.5328318111595783
  },
  "https://ie.rs-online.com/web/c/engineering-materials-industrial-hardware/metal-materials/" : {
    "transaction" : "https://ie.rs-online.com/web/c/engineering-materials-industrial-hardware/metal-materials/",
    "sampleCount" : 9,
    "errorCount" : 0,
    "errorPct" : 0.0,
    "meanResTime" : 2165.8888888888887,
    "medianResTime" : 2211.0,
    "minResTime" : 1482.0,
    "maxResTime" : 3169.0,
    "pct1ResTime" : 3169.0,
    "pct2ResTime" : 3169.0,
    "pct3ResTime" : 3169.0,
    "throughput" : 0.01917749840187513,
    "receivedKBytesPerSec" : 2.8895242082623054,
    "sentKBytesPerSec" : 0.028354231035584914
  },
  "https://ie.rs-online.com/web/p/battery-contacts/3676329" : {
    "transaction" : "https://ie.rs-online.com/web/p/battery-contacts/3676329",
    "sampleCount" : 2,
    "errorCount" : 0,
    "errorPct" : 0.0,
    "meanResTime" : 3608.0,
    "medianResTime" : 3608.0,
    "minResTime" : 3533.0,
    "maxResTime" : 3683.0,
    "pct1ResTime" : 3683.0,
    "pct2ResTime" : 3683.0,
    "pct3ResTime" : 3683.0,
    "throughput" : 0.007360436915535306,
    "receivedKBytesPerSec" : 1.6231452561524051,
    "sentKBytesPerSec" : 0.010422493679224798
  },
  "https://ie.rs-online.com/web/p/battery-contacts/1854800" : {
    "transaction" : "https://ie.rs-online.com/web/p/battery-contacts/1854800",
    "sampleCount" : 1,
    "errorCount" : 0,
    "errorPct" : 0.0,
    "meanResTime" : 1443.0,
    "medianResTime" : 1443.0,
    "minResTime" : 1443.0,
    "maxResTime" : 1443.0,
    "pct1ResTime" : 1443.0,
    "pct2ResTime" : 1443.0,
    "pct3ResTime" : 1443.0,
    "throughput" : 0.693000693000693,
    "receivedKBytesPerSec" : 150.07457878551628,
    "sentKBytesPerSec" : 1.0178447678447677
  },
  "https://ie.rs-online.com/web/p/circuit-trips/7018503" : {
    "transaction" : "https://ie.rs-online.com/web/p/circuit-trips/7018503",
    "sampleCount" : 1,
    "errorCount" : 0,
    "errorPct" : 0.0,
    "meanResTime" : 3469.0,
    "medianResTime" : 3469.0,
    "minResTime" : 3469.0,
    "maxResTime" : 3469.0,
    "pct1ResTime" : 3469.0,
    "pct2ResTime" : 3469.0,
    "pct3ResTime" : 3469.0,
    "throughput" : 0.28826751225136926,
    "receivedKBytesPerSec" : 62.91663663880081,
    "sentKBytesPerSec" : 0.4225483748918997
  },
  "https://ie.rs-online.com/web/services/aggregation/search-and-browse/graphql" : {
    "transaction" : "https://ie.rs-online.com/web/services/aggregation/search-and-browse/graphql",
    "sampleCount" : 87,
    "errorCount" : 0,
    "errorPct" : 0.0,
    "meanResTime" : 2314.3563218390814,
    "medianResTime" : 2253.0,
    "minResTime" : 1156.0,
    "maxResTime" : 3583.0,
    "pct1ResTime" : 3296.0,
    "pct2ResTime" : 3383.4,
    "pct3ResTime" : 3583.0,
    "throughput" : 0.1490226171797384,
    "receivedKBytesPerSec" : 6.47607551346428,
    "sentKBytesPerSec" : 0.5203764475106372
  },
  "https://ie.rs-online.com/web/c/batteries-chargers/battery-charger-accessories/battery-contacts/" : {
    "transaction" : "https://ie.rs-online.com/web/c/batteries-chargers/battery-charger-accessories/battery-contacts/",
    "sampleCount" : 8,
    "errorCount" : 0,
    "errorPct" : 0.0,
    "meanResTime" : 2585.375,
    "medianResTime" : 2522.0,
    "minResTime" : 1278.0,
    "maxResTime" : 3347.0,
    "pct1ResTime" : 3347.0,
    "pct2ResTime" : 3347.0,
    "pct3ResTime" : 3347.0,
    "throughput" : 0.018956806915443165,
    "receivedKBytesPerSec" : 2.9052509910855617,
    "sentKBytesPerSec" : 0.02824082905225444
  },
  "https://ie.rs-online.com/web/p/audio-cable/1368134" : {
    "transaction" : "https://ie.rs-online.com/web/p/audio-cable/1368134",
    "sampleCount" : 1,
    "errorCount" : 0,
    "errorPct" : 0.0,
    "meanResTime" : 1603.0,
    "medianResTime" : 1603.0,
    "minResTime" : 1603.0,
    "maxResTime" : 1603.0,
    "pct1ResTime" : 1603.0,
    "pct2ResTime" : 1603.0,
    "pct3ResTime" : 1603.0,
    "throughput" : 0.6238303181534622,
    "receivedKBytesPerSec" : 138.79188923112915,
    "sentKBytesPerSec" : 0.913204733312539
  },
  "https://ie.rs-online.com/web/p/audio-cable/2152397" : {
    "transaction" : "https://ie.rs-online.com/web/p/audio-cable/2152397",
    "sampleCount" : 1,
    "errorCount" : 0,
    "errorPct" : 0.0,
    "meanResTime" : 1806.0,
    "medianResTime" : 1806.0,
    "minResTime" : 1806.0,
    "maxResTime" : 1806.0,
    "pct1ResTime" : 1806.0,
    "pct2ResTime" : 1806.0,
    "pct3ResTime" : 1806.0,
    "throughput" : 0.5537098560354374,
    "receivedKBytesPerSec" : 122.00866901993355,
    "sentKBytesPerSec" : 0.8105576896456257
  },
  "https://ie.rs-online.com/web/p/firewire-cables/1930207" : {
    "transaction" : "https://ie.rs-online.com/web/p/firewire-cables/1930207",
    "sampleCount" : 2,
    "errorCount" : 0,
    "errorPct" : 0.0,
    "meanResTime" : 2104.5,
    "medianResTime" : 2104.5,
    "minResTime" : 1524.0,
    "maxResTime" : 2685.0,
    "pct1ResTime" : 2685.0,
    "pct2ResTime" : 2685.0,
    "pct3ResTime" : 2685.0,
    "throughput" : 0.006957804395245036,
    "receivedKBytesPerSec" : 1.5367099195677811,
    "sentKBytesPerSec" : 0.010212480474661416
  },
  "https://ie.rs-online.com/web/p/audio-cable/2152398" : {
    "transaction" : "https://ie.rs-online.com/web/p/audio-cable/2152398",
    "sampleCount" : 1,
    "errorCount" : 0,
    "errorPct" : 0.0,
    "meanResTime" : 3870.0,
    "medianResTime" : 3870.0,
    "minResTime" : 3870.0,
    "maxResTime" : 3870.0,
    "pct1ResTime" : 3870.0,
    "pct2ResTime" : 3870.0,
    "pct3ResTime" : 3870.0,
    "throughput" : 0.25839793281653745,
    "receivedKBytesPerSec" : 56.942425710594314,
    "sentKBytesPerSec" : 0.37826025516795864
  },
  "https://ie.rs-online.com/web/" : {
    "transaction" : "https://ie.rs-online.com/web/",
    "sampleCount" : 90,
    "errorCount" : 0,
    "errorPct" : 0.0,
    "meanResTime" : 2602.8777777777777,
    "medianResTime" : 2519.0,
    "minResTime" : 1312.0,
    "maxResTime" : 4432.0,
    "pct1ResTime" : 3589.3000000000006,
    "pct2ResTime" : 3787.4,
    "pct3ResTime" : 4432.0,
    "throughput" : 0.14837944911656525,
    "receivedKBytesPerSec" : 26.02747487647411,
    "sentKBytesPerSec" : 0.19772656408425973
  },
  "https://ie.rs-online.com/web/p/firewire-cables/6688224" : {
    "transaction" : "https://ie.rs-online.com/web/p/firewire-cables/6688224",
    "sampleCount" : 4,
    "errorCount" : 0,
    "errorPct" : 0.0,
    "meanResTime" : 2777.0,
    "medianResTime" : 2856.0,
    "minResTime" : 1488.0,
    "maxResTime" : 3908.0,
    "pct1ResTime" : 3908.0,
    "pct2ResTime" : 3908.0,
    "pct3ResTime" : 3908.0,
    "throughput" : 0.01731714180574496,
    "receivedKBytesPerSec" : 3.7661697120484012,
    "sentKBytesPerSec" : 0.02541764075589324
  },
  "https://ie.rs-online.com/web/p/av-adapters/7684157" : {
    "transaction" : "https://ie.rs-online.com/web/p/av-adapters/7684157",
    "sampleCount" : 1,
    "errorCount" : 0,
    "errorPct" : 0.0,
    "meanResTime" : 3454.0,
    "medianResTime" : 3454.0,
    "minResTime" : 3454.0,
    "maxResTime" : 3454.0,
    "pct1ResTime" : 3454.0,
    "pct2ResTime" : 3454.0,
    "pct3ResTime" : 3454.0,
    "throughput" : 0.2895193977996526,
    "receivedKBytesPerSec" : 62.59188848074696,
    "sentKBytesPerSec" : 0.42381794658367106
  },
  "https://ie.rs-online.com/web/p/capacitive-switches/8232779" : {
    "transaction" : "https://ie.rs-online.com/web/p/capacitive-switches/8232779",
    "sampleCount" : 1,
    "errorCount" : 0,
    "errorPct" : 0.0,
    "meanResTime" : 4128.0,
    "medianResTime" : 4128.0,
    "minResTime" : 4128.0,
    "maxResTime" : 4128.0,
    "pct1ResTime" : 4128.0,
    "pct2ResTime" : 4128.0,
    "pct3ResTime" : 4128.0,
    "throughput" : 0.24224806201550386,
    "receivedKBytesPerSec" : 54.30047086967054,
    "sentKBytesPerSec" : 0.35651155220445735
  },
  "https://ie.rs-online.com/web/c/cables-wires/av-cables/" : {
    "transaction" : "https://ie.rs-online.com/web/c/cables-wires/av-cables/",
    "sampleCount" : 9,
    "errorCount" : 0,
    "errorPct" : 0.0,
    "meanResTime" : 2546.8888888888887,
    "medianResTime" : 2378.0,
    "minResTime" : 1224.0,
    "maxResTime" : 3329.0,
    "pct1ResTime" : 3329.0,
    "pct2ResTime" : 3329.0,
    "pct3ResTime" : 3329.0,
    "throughput" : 0.017012235577877288,
    "receivedKBytesPerSec" : 2.672862920603897,
    "sentKBytesPerSec" : 0.02497010749370075
  },
  "https://ie.rs-online.com/web/p/battery-chargers/8517492" : {
    "transaction" : "https://ie.rs-online.com/web/p/battery-chargers/8517492",
    "sampleCount" : 2,
    "errorCount" : 0,
    "errorPct" : 0.0,
    "meanResTime" : 2625.5,
    "medianResTime" : 2625.5,
    "minResTime" : 1746.0,
    "maxResTime" : 3505.0,
    "pct1ResTime" : 3505.0,
    "pct2ResTime" : 3505.0,
    "pct3ResTime" : 3505.0,
    "throughput" : 0.01524425101183716,
    "receivedKBytesPerSec" : 3.3938407032935203,
    "sentKBytesPerSec" : 0.022389993673635828
  },
  "https://ie.rs-online.com/web/p/metal-tubes/1243640" : {
    "transaction" : "https://ie.rs-online.com/web/p/metal-tubes/1243640",
    "sampleCount" : 1,
    "errorCount" : 0,
    "errorPct" : 0.0,
    "meanResTime" : 2625.0,
    "medianResTime" : 2625.0,
    "minResTime" : 2625.0,
    "maxResTime" : 2625.0,
    "pct1ResTime" : 2625.0,
    "pct2ResTime" : 2625.0,
    "pct3ResTime" : 2625.0,
    "throughput" : 0.380952380952381,
    "receivedKBytesPerSec" : 83.93936011904762,
    "sentKBytesPerSec" : 0.5576636904761905
  },
  "https://ie.rs-online.com/web/p/batten-lights/2105505" : {
    "transaction" : "https://ie.rs-online.com/web/p/batten-lights/2105505",
    "sampleCount" : 1,
    "errorCount" : 0,
    "errorPct" : 0.0,
    "meanResTime" : 1955.0,
    "medianResTime" : 1955.0,
    "minResTime" : 1955.0,
    "maxResTime" : 1955.0,
    "pct1ResTime" : 1955.0,
    "pct2ResTime" : 1955.0,
    "pct3ResTime" : 1955.0,
    "throughput" : 0.5115089514066495,
    "receivedKBytesPerSec" : 113.41711956521739,
    "sentKBytesPerSec" : 0.7497802109974424
  },
  "https://ie.rs-online.com/web/c/batteries-chargers/battery-charger-accessories/" : {
    "transaction" : "https://ie.rs-online.com/web/c/batteries-chargers/battery-charger-accessories/",
    "sampleCount" : 9,
    "errorCount" : 0,
    "errorPct" : 0.0,
    "meanResTime" : 2210.3333333333335,
    "medianResTime" : 2189.0,
    "minResTime" : 1251.0,
    "maxResTime" : 3535.0,
    "pct1ResTime" : 3535.0,
    "pct2ResTime" : 3535.0,
    "pct3ResTime" : 3535.0,
    "throughput" : 0.019477905562456987,
    "receivedKBytesPerSec" : 2.9200246327873747,
    "sentKBytesPerSec" : 0.028817409108517905
  },
  "https://ie.rs-online.com/web/p/metal-tubes/3047917" : {
    "transaction" : "https://ie.rs-online.com/web/p/metal-tubes/3047917",
    "sampleCount" : 1,
    "errorCount" : 0,
    "errorPct" : 0.0,
    "meanResTime" : 1517.0,
    "medianResTime" : 1517.0,
    "minResTime" : 1517.0,
    "maxResTime" : 1517.0,
    "pct1ResTime" : 1517.0,
    "pct2ResTime" : 1517.0,
    "pct3ResTime" : 1517.0,
    "throughput" : 0.6591957811470006,
    "receivedKBytesPerSec" : 150.56443638760712,
    "sentKBytesPerSec" : 0.9649750741595254
  },
  "https://ie.rs-online.com/web/c/fuses-circuit-breakers/" : {
    "transaction" : "https://ie.rs-online.com/web/c/fuses-circuit-breakers/",
    "sampleCount" : 8,
    "errorCount" : 0,
    "errorPct" : 0.0,
    "meanResTime" : 2499.25,
    "medianResTime" : 2274.0,
    "minResTime" : 1213.0,
    "maxResTime" : 3300.0,
    "pct1ResTime" : 3300.0,
    "pct2ResTime" : 3300.0,
    "pct3ResTime" : 3300.0,
    "throughput" : 0.018872063919680496,
    "receivedKBytesPerSec" : 2.873382310270885,
    "sentKBytesPerSec" : 0.02686596794815844
  },
  "https://ie.rs-online.com/web/p/av-adapters/1557771" : {
    "transaction" : "https://ie.rs-online.com/web/p/av-adapters/1557771",
    "sampleCount" : 1,
    "errorCount" : 0,
    "errorPct" : 0.0,
    "meanResTime" : 1786.0,
    "medianResTime" : 1786.0,
    "minResTime" : 1786.0,
    "maxResTime" : 1786.0,
    "pct1ResTime" : 1786.0,
    "pct2ResTime" : 1786.0,
    "pct3ResTime" : 1786.0,
    "throughput" : 0.5599104143337066,
    "receivedKBytesPerSec" : 122.61491286394177,
    "sentKBytesPerSec" : 0.8196344834826428
  },
  "https://ie.rs-online.com/web/c/lighting/light-fittings/batten-lights/" : {
    "transaction" : "https://ie.rs-online.com/web/c/lighting/light-fittings/batten-lights/",
    "sampleCount" : 9,
    "errorCount" : 0,
    "errorPct" : 0.0,
    "meanResTime" : 2861.8888888888887,
    "medianResTime" : 2394.0,
    "minResTime" : 2119.0,
    "maxResTime" : 4288.0,
    "pct1ResTime" : 4288.0,
    "pct2ResTime" : 4288.0,
    "pct3ResTime" : 4288.0,
    "throughput" : 0.01949343071384943,
    "receivedKBytesPerSec" : 3.4388603098047623,
    "sentKBytesPerSec" : 0.02834542805949395
  },
  "https://ie.rs-online.com/web/p/ammeters/1862443" : {
    "transaction" : "https://ie.rs-online.com/web/p/ammeters/1862443",
    "sampleCount" : 1,
    "errorCount" : 0,
    "errorPct" : 0.0,
    "meanResTime" : 3437.0,
    "medianResTime" : 3437.0,
    "minResTime" : 3437.0,
    "maxResTime" : 3437.0,
    "pct1ResTime" : 3437.0,
    "pct2ResTime" : 3437.0,
    "pct3ResTime" : 3437.0,
    "throughput" : 0.2909514111143439,
    "receivedKBytesPerSec" : 64.27326929371546,
    "sentKBytesPerSec" : 0.4250618271748618
  },
  "https://ie.rs-online.com/web/p/ammeters/1862441" : {
    "transaction" : "https://ie.rs-online.com/web/p/ammeters/1862441",
    "sampleCount" : 3,
    "errorCount" : 0,
    "errorPct" : 0.0,
    "meanResTime" : 3077.6666666666665,
    "medianResTime" : 3733.0,
    "minResTime" : 1743.0,
    "maxResTime" : 3757.0,
    "pct1ResTime" : 3757.0,
    "pct2ResTime" : 3757.0,
    "pct3ResTime" : 3757.0,
    "throughput" : 0.007554239439173264,
    "receivedKBytesPerSec" : 1.6655007760407226,
    "sentKBytesPerSec" : 0.011036271680667191
  },
  "RS_AddToCart_103_Category3" : {
    "transaction" : "RS_AddToCart_103_Category3",
    "sampleCount" : 87,
    "errorCount" : 0,
    "errorPct" : 0.0,
    "meanResTime" : 4765.942528735633,
    "medianResTime" : 4556.0,
    "minResTime" : 2394.0,
    "maxResTime" : 8398.0,
    "pct1ResTime" : 6542.6,
    "pct2ResTime" : 6937.599999999999,
    "pct3ResTime" : 8398.0,
    "throughput" : 0.1482117485919884,
    "receivedKBytesPerSec" : 31.33193004650356,
    "sentKBytesPerSec" : 0.7367848117668203
  },
  "https://ie.rs-online.com/web/c/engineering-materials-industrial-hardware/metal-materials/metal-tubes/" : {
    "transaction" : "https://ie.rs-online.com/web/c/engineering-materials-industrial-hardware/metal-materials/metal-tubes/",
    "sampleCount" : 8,
    "errorCount" : 0,
    "errorPct" : 0.0,
    "meanResTime" : 2480.875,
    "medianResTime" : 2384.0,
    "minResTime" : 1358.0,
    "maxResTime" : 3845.0,
    "pct1ResTime" : 3845.0,
    "pct2ResTime" : 3845.0,
    "pct3ResTime" : 3845.0,
    "throughput" : 0.01870242570461389,
    "receivedKBytesPerSec" : 2.9473123445360865,
    "sentKBytesPerSec" : 0.027724884980081917
  },
  "Total" : {
    "transaction" : "Total",
    "sampleCount" : 865,
    "errorCount" : 0,
    "errorPct" : 0.0,
    "meanResTime" : 2532.4289017341025,
    "medianResTime" : 2406.0,
    "minResTime" : 1069.0,
    "maxResTime" : 7756.0,
    "pct1ResTime" : 3596.4,
    "pct2ResTime" : 4065.599999999998,
    "pct3ResTime" : 4967.02,
    "throughput" : 1.4208605322724241,
    "receivedKBytesPerSec" : 162.25423296322518,
    "sentKBytesPerSec" : 2.3860322146246795
  },
  "https://ie.rs-online.com/web/p/circuit-trips/2409263" : {
    "transaction" : "https://ie.rs-online.com/web/p/circuit-trips/2409263",
    "sampleCount" : 1,
    "errorCount" : 0,
    "errorPct" : 0.0,
    "meanResTime" : 1902.0,
    "medianResTime" : 1902.0,
    "minResTime" : 1902.0,
    "maxResTime" : 1902.0,
    "pct1ResTime" : 1902.0,
    "pct2ResTime" : 1902.0,
    "pct3ResTime" : 1902.0,
    "throughput" : 0.5257623554153522,
    "receivedKBytesPerSec" : 110.87527109621452,
    "sentKBytesPerSec" : 0.7152216416929548
  },
  "https://ie.rs-online.com/web/c/automation-control-gear/process-control/ammeters/" : {
    "transaction" : "https://ie.rs-online.com/web/c/automation-control-gear/process-control/ammeters/",
    "sampleCount" : 9,
    "errorCount" : 0,
    "errorPct" : 0.0,
    "meanResTime" : 2477.3333333333335,
    "medianResTime" : 2544.0,
    "minResTime" : 1314.0,
    "maxResTime" : 3871.0,
    "pct1ResTime" : 3871.0,
    "pct2ResTime" : 3871.0,
    "pct3ResTime" : 3871.0,
    "throughput" : 0.018296959655203962,
    "receivedKBytesPerSec" : 3.39700249105482,
    "sentKBytesPerSec" : 0.02723102198684652
  },
  "https://ie.rs-online.com/web/c/lighting/light-fittings/" : {
    "transaction" : "https://ie.rs-online.com/web/c/lighting/light-fittings/",
    "sampleCount" : 9,
    "errorCount" : 0,
    "errorPct" : 0.0,
    "meanResTime" : 2541.6666666666665,
    "medianResTime" : 2361.0,
    "minResTime" : 1295.0,
    "maxResTime" : 3670.0,
    "pct1ResTime" : 3670.0,
    "pct2ResTime" : 3670.0,
    "pct3ResTime" : 3670.0,
    "throughput" : 0.019439872474436567,
    "receivedKBytesPerSec" : 3.2159763250703075,
    "sentKBytesPerSec" : 0.0280966906857091
  }
}